{
  "project_info": {
    "project_number": "403496653169",
    "project_id": "com-cookandroid-roommate",
    "storage_bucket": "com-cookandroid-roommate.firebasestorage.app"
  },
  "client": [
    {
      "client_info": {
        "mobilesdk_app_id": "1:403496653169:android:ac9311c1f366fc59caa6d0",
        "android_client_info": {
          "package_name": "com.cookandroid.roommate"
        }
      },
      "oauth_client": [],
      "api_key": [
        {
          "current_key": "AIzaSyAHlVDh82gMSKXt1niM8O84cOL7-yAuft0"
        }
      ],
      "services": {
        "appinvite_service": {
          "other_platform_oauth_client": []
        }
      }
    }
  ],
  "configuration_version": "1"
}